DELETE FROM city;
INSERT INTO city(id, city_name, state) VALUES (1, 'HYDERABAD', 'TELANGANA' );
INSERT INTO city(id, city_name, state) VALUES (2, 'BENGULURU', 'KARNATAKA' );
INSERT INTO city(id, city_name, state) VALUES (3, 'MUMBAI', 'MAHARASTRA' );
INSERT INTO city(id, city_name, state) VALUES (4, 'DELHI', 'DELHI' );
INSERT INTO city(id, city_name, state) VALUES (5, 'KOLKATA', 'WEST BENGAL' );
INSERT INTO city(id, city_name, state) VALUES (6, 'CHENNAI', 'TAMILNADU' );


DELETE FROM movie;
INSERT INTO movie(id, movie_name, language, genre, actors, directors, producers) VALUES ( 1, 'MAST MAST', 'HINDI', 'COMEDY', 'anup, kajol', 'tivedi', 'jagadish' );
INSERT INTO movie(id, movie_name, language, genre, actors, directors, producers) VALUES ( 2, 'TUM HO', 'HINDI', 'ACTION', 'dimple, kajol', 'filmkar', 'jagadish' );
INSERT INTO movie(id, movie_name, language, genre, actors, directors, producers) VALUES ( 3, 'JONNY', 'TELUGU', 'TRILLER', 'james, kajol', 'takkar', 'kishore' );
INSERT INTO movie(id, movie_name, language, genre, actors, directors, producers) VALUES ( 4, 'NO MAN', 'ENGLISH', 'COMEDY', 'jim, carrie', 'thomas', 'kevin' );
INSERT INTO movie(id, movie_name, language, genre, actors, directors, producers) VALUES ( 5, 'YES MAN', 'ENGLISH', 'COMEDY', 'jim, carrie', 'thomas', 'kevin' );
INSERT INTO movie(id, movie_name, language, genre, actors, directors, producers) VALUES ( 6, 'BILLA', 'TAMIL', 'ACTION', 'kiran, komal', 'thama', 'kevin' );
INSERT INTO movie(id, movie_name, language, genre, actors, directors, producers) VALUES ( 7, 'BILLA', 'KANADA', 'ACTION', 'thumbi, aish', 'jones', 'kevin' );


DELETE FROM theater;
INSERT INTO theater(id, address, city_id) VALUES ( 1, '12 street', 1 );
INSERT INTO theater(id, address, city_id) VALUES ( 2, '1 road jam nagar', 1 );
INSERT INTO theater(id, address, city_id) VALUES ( 3, 'genera bajar', 2 );
INSERT INTO theater(id, address, city_id) VALUES ( 4, 'tivoli road', 3);
INSERT INTO theater(id, address, city_id) VALUES ( 5, 'james street', 3 );
INSERT INTO theater(id, address, city_id) VALUES ( 6, '12 road', 4 );
INSERT INTO theater(id, address, city_id) VALUES ( 7, '2 colony', 4 );
INSERT INTO theater(id, address, city_id) VALUES ( 8, '1 besent road', 4 );
INSERT INTO theater(id, address, city_id) VALUES ( 9, '10 film nagar', 5 );
INSERT INTO theater(id, address, city_id) VALUES ( 10, '1 nagar', 5 );
INSERT INTO theater(id, address, city_id) VALUES ( 11, '1 road', 6 );
INSERT INTO theater(id, address, city_id) VALUES ( 12, '3 street', 6 );


DELETE FROM screen;
INSERT INTO screen(id, rows, columns, row_names, column_names,theater_id) VALUES ( 1, 10, 10, 'A,B,C,D,E,F,G,H,I,J', '1,2,3,4,5,6,7,8,9,10', 1);
INSERT INTO screen(id, rows, columns, row_names, column_names,theater_id) VALUES ( 2, 10, 10, 'A,B,C,D,E,F,G,H,I,J', '1,2,3,4,5,6,7,8,9,10', 1);
INSERT INTO screen(id, rows, columns, row_names, column_names,theater_id) VALUES ( 3, 10, 10, 'A,B,C,D,E,F,G,H,I,J', '1,2,3,4,5,6,7,8,9,10', 2);
INSERT INTO screen(id, rows, columns, row_names, column_names,theater_id) VALUES ( 4, 10, 10, 'A,B,C,D,E,F,G,H,I,J', '1,2,3,4,5,6,7,8,9,10', 2);
INSERT INTO screen(id, rows, columns, row_names, column_names,theater_id) VALUES ( 5, 10, 10, 'A,B,C,D,E,F,G,H,I,J', '1,2,3,4,5,6,7,8,9,10', 3);
INSERT INTO screen(id, rows, columns, row_names, column_names,theater_id) VALUES ( 6, 10, 10, 'A,B,C,D,E,F,G,H,I,J', '1,2,3,4,5,6,7,8,9,10', 3);
INSERT INTO screen(id, rows, columns, row_names, column_names,theater_id) VALUES ( 7, 10, 10, 'A,B,C,D,E,F,G,H,I,J', '1,2,3,4,5,6,7,8,9,10', 4);
INSERT INTO screen(id, rows, columns, row_names, column_names,theater_id) VALUES ( 8, 10, 10, 'A,B,C,D,E,F,G,H,I,J', '1,2,3,4,5,6,7,8,9,10', 4);
INSERT INTO screen(id, rows, columns, row_names, column_names,theater_id) VALUES ( 9, 10, 10, 'A,B,C,D,E,F,G,H,I,J', '1,2,3,4,5,6,7,8,9,10', 4);
INSERT INTO screen(id, rows, columns, row_names, column_names,theater_id) VALUES ( 10, 10, 10, 'A,B,C,D,E,F,G,H,I,J', '1,2,3,4,5,6,7,8,9,10', 4);
INSERT INTO screen(id, rows, columns, row_names, column_names,theater_id) VALUES ( 11, 10, 10, 'A,B,C,D,E,F,G,H,I,J', '1,2,3,4,5,6,7,8,9,10', 4);
INSERT INTO screen(id, rows, columns, row_names, column_names,theater_id) VALUES ( 12, 10, 10, 'A,B,C,D,E,F,G,H,I,J', '1,2,3,4,5,6,7,8,9,10', 5);
INSERT INTO screen(id, rows, columns, row_names, column_names,theater_id) VALUES ( 13, 10, 10, 'A,B,C,D,E,F,G,H,I,J', '1,2,3,4,5,6,7,8,9,10', 5);
INSERT INTO screen(id, rows, columns, row_names, column_names,theater_id) VALUES ( 14, 10, 10, 'A,B,C,D,E,F,G,H,I,J', '1,2,3,4,5,6,7,8,9,10', 5);
INSERT INTO screen(id, rows, columns, row_names, column_names,theater_id) VALUES ( 15, 10, 10, 'A,B,C,D,E,F,G,H,I,J', '1,2,3,4,5,6,7,8,9,10', 5);
INSERT INTO screen(id, rows, columns, row_names, column_names,theater_id) VALUES ( 16, 10, 10, 'A,B,C,D,E,F,G,H,I,J', '1,2,3,4,5,6,7,8,9,10', 6);
INSERT INTO screen(id, rows, columns, row_names, column_names,theater_id) VALUES ( 17, 10, 10, 'A,B,C,D,E,F,G,H,I,J', '1,2,3,4,5,6,7,8,9,10', 6);
INSERT INTO screen(id, rows, columns, row_names, column_names,theater_id) VALUES ( 18, 10, 10, 'A,B,C,D,E,F,G,H,I,J', '1,2,3,4,5,6,7,8,9,10', 7);
INSERT INTO screen(id, rows, columns, row_names, column_names,theater_id) VALUES ( 19, 10, 10, 'A,B,C,D,E,F,G,H,I,J', '1,2,3,4,5,6,7,8,9,10', 7);
INSERT INTO screen(id, rows, columns, row_names, column_names,theater_id) VALUES ( 20, 10, 10, 'A,B,C,D,E,F,G,H,I,J', '1,2,3,4,5,6,7,8,9,10', 8);
INSERT INTO screen(id, rows, columns, row_names, column_names,theater_id) VALUES ( 21, 10, 10, 'A,B,C,D,E,F,G,H,I,J', '1,2,3,4,5,6,7,8,9,10', 8);
INSERT INTO screen(id, rows, columns, row_names, column_names,theater_id) VALUES ( 22, 10, 10, 'A,B,C,D,E,F,G,H,I,J', '1,2,3,4,5,6,7,8,9,10', 8);
INSERT INTO screen(id, rows, columns, row_names, column_names,theater_id) VALUES ( 23, 10, 10, 'A,B,C,D,E,F,G,H,I,J', '1,2,3,4,5,6,7,8,9,10', 9);
INSERT INTO screen(id, rows, columns, row_names, column_names,theater_id) VALUES ( 24, 10, 10, 'A,B,C,D,E,F,G,H,I,J', '1,2,3,4,5,6,7,8,9,10', 9);
INSERT INTO screen(id, rows, columns, row_names, column_names,theater_id) VALUES ( 25, 10, 10, 'A,B,C,D,E,F,G,H,I,J', '1,2,3,4,5,6,7,8,9,10', 9);
INSERT INTO screen(id, rows, columns, row_names, column_names,theater_id) VALUES ( 26, 10, 10, 'A,B,C,D,E,F,G,H,I,J', '1,2,3,4,5,6,7,8,9,10', 10);
INSERT INTO screen(id, rows, columns, row_names, column_names,theater_id) VALUES ( 27, 10, 10, 'A,B,C,D,E,F,G,H,I,J', '1,2,3,4,5,6,7,8,9,10', 10);
INSERT INTO screen(id, rows, columns, row_names, column_names,theater_id) VALUES ( 28, 10, 10, 'A,B,C,D,E,F,G,H,I,J', '1,2,3,4,5,6,7,8,9,10', 10);
INSERT INTO screen(id, rows, columns, row_names, column_names,theater_id) VALUES ( 29, 10, 10, 'A,B,C,D,E,F,G,H,I,J', '1,2,3,4,5,6,7,8,9,10', 11);
INSERT INTO screen(id, rows, columns, row_names, column_names,theater_id) VALUES ( 30, 10, 10, 'A,B,C,D,E,F,G,H,I,J', '1,2,3,4,5,6,7,8,9,10', 11);
INSERT INTO screen(id, rows, columns, row_names, column_names,theater_id) VALUES ( 31, 10, 10, 'A,B,C,D,E,F,G,H,I,J', '1,2,3,4,5,6,7,8,9,10', 11);
INSERT INTO screen(id, rows, columns, row_names, column_names,theater_id) VALUES ( 32, 10, 10, 'A,B,C,D,E,F,G,H,I,J', '1,2,3,4,5,6,7,8,9,10', 12);
INSERT INTO screen(id, rows, columns, row_names, column_names,theater_id) VALUES ( 33, 10, 10, 'A,B,C,D,E,F,G,H,I,J', '1,2,3,4,5,6,7,8,9,10', 12);
INSERT INTO screen(id, rows, columns, row_names, column_names,theater_id) VALUES ( 34, 10, 10, 'A,B,C,D,E,F,G,H,I,J', '1,2,3,4,5,6,7,8,9,10', 12);

DELETE FROM schedule_movie;
INSERT INTO schedule_movie(id,  screen_id,movie_id, screen_date, screen_hour, screen_minute, available_seats, ticket_cost) values ( 1, 1, 1, to_date('03-01-22', 'DD-MM-RR'), 14,30, 100 ,200);
INSERT INTO schedule_movie(id,  screen_id,movie_id, screen_date, screen_hour, screen_minute, available_seats, ticket_cost) values ( 2, 1, 1, to_date('03-01-22', 'DD-MM-RR'), 15,0 , 100,200);
INSERT INTO schedule_movie(id,  screen_id,movie_id, screen_date, screen_hour, screen_minute, available_seats, ticket_cost) values ( 4, 3, 1, to_date('03-01-22', 'DD-MM-RR'), 16,0 , 100,200);
INSERT INTO schedule_movie(id,  screen_id,movie_id, screen_date, screen_hour, screen_minute, available_seats, ticket_cost) values ( 3, 2, 1, to_date('03-01-22', 'DD-MM-RR'), 17,0 , 100,200);
INSERT INTO schedule_movie(id,  screen_id,movie_id, screen_date, screen_hour, screen_minute, available_seats, ticket_cost) values ( 5, 3, 2, to_date('03-01-22', 'DD-MM-RR'), 17,0 , 100,200);
INSERT INTO schedule_movie(id,  screen_id,movie_id, screen_date, screen_hour, screen_minute, available_seats, ticket_cost) values ( 6, 4, 3, to_date('03-01-22', 'DD-MM-RR'), 18,0 , 100,200);
INSERT INTO schedule_movie(id,  screen_id,movie_id, screen_date, screen_hour, screen_minute, available_seats, ticket_cost) values ( 7, 4, 3, to_date('03-01-22', 'DD-MM-RR'), 18,30 , 100,200);
INSERT INTO schedule_movie(id,  screen_id,movie_id, screen_date, screen_hour, screen_minute, available_seats, ticket_cost) values ( 8, 5, 2, to_date('03-01-22', 'DD-MM-RR'), 19,30 , 100,200);
INSERT INTO schedule_movie(id,  screen_id,movie_id, screen_date, screen_hour, screen_minute, available_seats, ticket_cost) values ( 9, 6, 2, to_date('03-01-22', 'DD-MM-RR'), 12,30 , 100,200);
INSERT INTO schedule_movie(id,  screen_id,movie_id, screen_date, screen_hour, screen_minute, available_seats, ticket_cost) values ( 10, 6, 4, to_date('03-01-22', 'DD-MM-RR'), 13,10 , 100,200);
INSERT INTO schedule_movie(id,  screen_id,movie_id, screen_date, screen_hour, screen_minute, available_seats, ticket_cost) values ( 11, 7, 4, to_date('03-01-22', 'DD-MM-RR'), 14,10 , 100,200);
INSERT INTO schedule_movie(id,  screen_id,movie_id, screen_date, screen_hour, screen_minute, available_seats, ticket_cost) values ( 12, 7, 4, to_date('03-01-22', 'DD-MM-RR'), 15,10 , 100,200);
INSERT INTO schedule_movie(id,  screen_id,movie_id, screen_date, screen_hour, screen_minute, available_seats, ticket_cost) values ( 13, 8, 4, to_date('03-01-22', 'DD-MM-RR'), 16,10 , 100,200);
INSERT INTO schedule_movie(id,  screen_id,movie_id, screen_date, screen_hour, screen_minute, available_seats, ticket_cost) values ( 14, 8, 5, to_date('03-01-22', 'DD-MM-RR'), 16,10 , 100,200);
INSERT INTO schedule_movie(id,  screen_id,movie_id, screen_date, screen_hour, screen_minute, available_seats, ticket_cost) values ( 15, 9, 5, to_date('03-01-22', 'DD-MM-RR'), 17,10 , 100,200);
INSERT INTO schedule_movie(id,  screen_id,movie_id, screen_date, screen_hour, screen_minute, available_seats, ticket_cost) values ( 16, 9, 5, to_date('03-01-22', 'DD-MM-RR'), 19,20 , 100,200);
INSERT INTO schedule_movie(id,  screen_id,movie_id, screen_date, screen_hour, screen_minute, available_seats, ticket_cost) values ( 17, 10, 5, to_date('03-01-22', 'DD-MM-RR'), 14,20 , 100,200);
INSERT INTO schedule_movie(id,  screen_id,movie_id, screen_date, screen_hour, screen_minute, available_seats, ticket_cost) values ( 18, 10, 5, to_date('03-01-22', 'DD-MM-RR'), 10,20 , 100,200);
INSERT INTO schedule_movie(id,  screen_id,movie_id, screen_date, screen_hour, screen_minute, available_seats, ticket_cost) values ( 19, 10, 6, to_date('03-01-22', 'DD-MM-RR'), 11,20 , 100,200);
INSERT INTO schedule_movie(id,  screen_id,movie_id, screen_date, screen_hour, screen_minute, available_seats, ticket_cost) values ( 20, 10, 6, to_date('03-01-22', 'DD-MM-RR'), 11,20 , 100,200);
INSERT INTO schedule_movie(id,  screen_id,movie_id, screen_date, screen_hour, screen_minute, available_seats, ticket_cost) values ( 21, 11, 6, to_date('03-01-22', 'DD-MM-RR'), 11,20 , 100,200);
INSERT INTO schedule_movie(id,  screen_id,movie_id, screen_date, screen_hour, screen_minute, available_seats, ticket_cost) values ( 22, 11, 7, to_date('03-01-22', 'DD-MM-RR'), 11,15 , 100,200);
INSERT INTO schedule_movie(id,  screen_id,movie_id, screen_date, screen_hour, screen_minute, available_seats, ticket_cost) values ( 23, 12, 7, to_date('03-01-22', 'DD-MM-RR'), 11,15 , 100,200);
INSERT INTO schedule_movie(id,  screen_id,movie_id, screen_date, screen_hour, screen_minute, available_seats, ticket_cost) values ( 24, 12, 7, to_date('03-01-22', 'DD-MM-RR'), 15,15 , 100,200);
INSERT INTO schedule_movie(id,  screen_id,movie_id, screen_date, screen_hour, screen_minute, available_seats, ticket_cost) values ( 25, 13, 7, to_date('03-01-22', 'DD-MM-RR'), 16,15 , 100,200);
INSERT INTO schedule_movie(id,  screen_id,movie_id, screen_date, screen_hour, screen_minute, available_seats, ticket_cost) values ( 26, 13, 6, to_date('03-01-22', 'DD-MM-RR'), 17,15 , 100,200);
INSERT INTO schedule_movie(id,  screen_id,movie_id, screen_date, screen_hour, screen_minute, available_seats, ticket_cost) values ( 27, 14, 6, to_date('03-01-22', 'DD-MM-RR'), 17,35 , 100,200);
INSERT INTO schedule_movie(id,  screen_id,movie_id, screen_date, screen_hour, screen_minute, available_seats, ticket_cost) values ( 28, 14, 5, to_date('03-01-22', 'DD-MM-RR'), 18,35 , 100,200);
INSERT INTO schedule_movie(id,  screen_id,movie_id, screen_date, screen_hour, screen_minute, available_seats, ticket_cost) values ( 29, 14, 5, to_date('03-01-22', 'DD-MM-RR'), 19,35 , 100,200);
INSERT INTO schedule_movie(id,  screen_id,movie_id, screen_date, screen_hour, screen_minute, available_seats, ticket_cost) values ( 30, 15, 5, to_date('03-01-22', 'DD-MM-RR'), 19,35 , 100,200);
INSERT INTO schedule_movie(id,  screen_id,movie_id, screen_date, screen_hour, screen_minute, available_seats, ticket_cost) values ( 31, 15, 4, to_date('03-01-22', 'DD-MM-RR'), 20,35 , 100,200);
INSERT INTO schedule_movie(id,  screen_id,movie_id, screen_date, screen_hour, screen_minute, available_seats, ticket_cost) values ( 32, 16, 4, to_date('03-01-22', 'DD-MM-RR'), 21,35 , 100,200);
INSERT INTO schedule_movie(id,  screen_id,movie_id, screen_date, screen_hour, screen_minute, available_seats, ticket_cost) values ( 33, 16, 4, to_date('03-01-22', 'DD-MM-RR'), 14,35 , 100,200);
INSERT INTO schedule_movie(id,  screen_id,movie_id, screen_date, screen_hour, screen_minute, available_seats, ticket_cost) values ( 34, 17, 4, to_date('03-01-22', 'DD-MM-RR'), 21,35 , 100,200);
INSERT INTO schedule_movie(id,  screen_id,movie_id, screen_date, screen_hour, screen_minute, available_seats, ticket_cost) values ( 35, 17, 4, to_date('03-01-22', 'DD-MM-RR'), 22,35 , 100,200);
INSERT INTO schedule_movie(id,  screen_id,movie_id, screen_date, screen_hour, screen_minute, available_seats, ticket_cost) values ( 36, 17, 4, to_date('03-01-22', 'DD-MM-RR'), 22,35 , 100,200);
INSERT INTO schedule_movie(id,  screen_id,movie_id, screen_date, screen_hour, screen_minute, available_seats, ticket_cost) values ( 37, 18, 3, to_date('03-01-22', 'DD-MM-RR'), 10,35 , 100,200);
INSERT INTO schedule_movie(id,  screen_id,movie_id, screen_date, screen_hour, screen_minute, available_seats, ticket_cost) values ( 38, 18, 3, to_date('03-01-22', 'DD-MM-RR'), 10,35 , 100,200);
INSERT INTO schedule_movie(id,  screen_id,movie_id, screen_date, screen_hour, screen_minute, available_seats, ticket_cost) values ( 39, 19, 3, to_date('03-01-22', 'DD-MM-RR'), 10,35 , 100,200);
INSERT INTO schedule_movie(id,  screen_id,movie_id, screen_date, screen_hour, screen_minute, available_seats, ticket_cost) values ( 40, 20, 3, to_date('03-01-22', 'DD-MM-RR'), 10,0 , 100,200);
INSERT INTO schedule_movie(id,  screen_id,movie_id, screen_date, screen_hour, screen_minute, available_seats, ticket_cost) values ( 41, 20, 2, to_date('03-01-22', 'DD-MM-RR'), 10,0 , 100,200);
INSERT INTO schedule_movie(id,  screen_id,movie_id, screen_date, screen_hour, screen_minute, available_seats, ticket_cost) values ( 42, 21, 2, to_date('03-01-22', 'DD-MM-RR'), 11,0 , 100,200);
INSERT INTO schedule_movie(id,  screen_id,movie_id, screen_date, screen_hour, screen_minute, available_seats, ticket_cost) values ( 43, 21, 2, to_date('03-01-22', 'DD-MM-RR'), 11,0 , 100,200);
INSERT INTO schedule_movie(id,  screen_id,movie_id, screen_date, screen_hour, screen_minute, available_seats, ticket_cost) values ( 44, 22, 2, to_date('03-01-22', 'DD-MM-RR'), 11,0 , 100,200);
INSERT INTO schedule_movie(id,  screen_id,movie_id, screen_date, screen_hour, screen_minute, available_seats, ticket_cost) values ( 45, 23, 2, to_date('03-01-22', 'DD-MM-RR'), 11,0 , 100,200);
INSERT INTO schedule_movie(id,  screen_id,movie_id, screen_date, screen_hour, screen_minute, available_seats, ticket_cost) values ( 46, 23, 2, to_date('03-01-22', 'DD-MM-RR'), 11,30 , 100,200);
INSERT INTO schedule_movie(id,  screen_id,movie_id, screen_date, screen_hour, screen_minute, available_seats, ticket_cost) values ( 47, 23, 2, to_date('03-01-22', 'DD-MM-RR'), 11,30 , 100,200);
INSERT INTO schedule_movie(id,  screen_id,movie_id, screen_date, screen_hour, screen_minute, available_seats, ticket_cost) values ( 48, 23, 2, to_date('03-01-22', 'DD-MM-RR'), 11,30 , 100,200);
INSERT INTO schedule_movie(id,  screen_id,movie_id, screen_date, screen_hour, screen_minute, available_seats, ticket_cost) values ( 49, 24, 2, to_date('03-01-22', 'DD-MM-RR'), 16,30 , 100,200);
INSERT INTO schedule_movie(id,  screen_id,movie_id, screen_date, screen_hour, screen_minute, available_seats, ticket_cost) values ( 50, 24, 2, to_date('03-01-22', 'DD-MM-RR'), 16,30 , 100,200);
INSERT INTO schedule_movie(id,  screen_id,movie_id, screen_date, screen_hour, screen_minute, available_seats, ticket_cost) values ( 51, 24, 2, to_date('03-01-22', 'DD-MM-RR'), 16,30 , 100,200);
INSERT INTO schedule_movie(id,  screen_id,movie_id, screen_date, screen_hour, screen_minute, available_seats, ticket_cost) values ( 52, 25, 2, to_date('03-01-22', 'DD-MM-RR'), 16,30 , 100,200);
INSERT INTO schedule_movie(id,  screen_id,movie_id, screen_date, screen_hour, screen_minute, available_seats, ticket_cost) values ( 53, 25, 2, to_date('03-01-22', 'DD-MM-RR'), 16,30 , 100,200);
INSERT INTO schedule_movie(id,  screen_id,movie_id, screen_date, screen_hour, screen_minute, available_seats, ticket_cost) values ( 54, 26, 2, to_date('03-01-22', 'DD-MM-RR'), 17,10 , 100,200);
INSERT INTO schedule_movie(id,  screen_id,movie_id, screen_date, screen_hour, screen_minute, available_seats, ticket_cost) values ( 55, 27, 2, to_date('03-01-22', 'DD-MM-RR'), 17,10 , 100,200);
INSERT INTO schedule_movie(id,  screen_id,movie_id, screen_date, screen_hour, screen_minute, available_seats, ticket_cost) values ( 56, 27, 2, to_date('03-01-22', 'DD-MM-RR'), 17,10 , 100,200);
INSERT INTO schedule_movie(id,  screen_id,movie_id, screen_date, screen_hour, screen_minute, available_seats, ticket_cost) values ( 57, 28, 2, to_date('03-01-22', 'DD-MM-RR'), 18,10 , 100,200);
INSERT INTO schedule_movie(id,  screen_id,movie_id, screen_date, screen_hour, screen_minute, available_seats, ticket_cost) values ( 58, 28, 2, to_date('03-01-22', 'DD-MM-RR'), 18,10 , 100,200);
INSERT INTO schedule_movie(id,  screen_id,movie_id, screen_date, screen_hour, screen_minute, available_seats, ticket_cost) values ( 59, 29, 2, to_date('03-01-22', 'DD-MM-RR'), 18,10 , 100,200);
INSERT INTO schedule_movie(id,  screen_id,movie_id, screen_date, screen_hour, screen_minute, available_seats, ticket_cost) values ( 60, 30, 1, to_date('03-01-22', 'DD-MM-RR'), 18,10 , 100,200);
INSERT INTO schedule_movie(id,  screen_id,movie_id, screen_date, screen_hour, screen_minute, available_seats, ticket_cost) values ( 61, 30, 1, to_date('03-01-22', 'DD-MM-RR'), 18,10 , 100,200);
INSERT INTO schedule_movie(id,  screen_id,movie_id, screen_date, screen_hour, screen_minute, available_seats, ticket_cost) values ( 62, 31, 1, to_date('03-01-22', 'DD-MM-RR'), 18,30 , 100,200);
INSERT INTO schedule_movie(id,  screen_id,movie_id, screen_date, screen_hour, screen_minute, available_seats, ticket_cost) values ( 63, 31, 1, to_date('03-01-22', 'DD-MM-RR'), 18,40 , 100,200);
INSERT INTO schedule_movie(id,  screen_id,movie_id, screen_date, screen_hour, screen_minute, available_seats, ticket_cost) values ( 64, 32, 1, to_date('03-01-22', 'DD-MM-RR'), 18,40 , 100,200);
INSERT INTO schedule_movie(id,  screen_id,movie_id, screen_date, screen_hour, screen_minute, available_seats, ticket_cost) values ( 65, 32, 1, to_date('03-01-22', 'DD-MM-RR'), 14,40 , 100,200);
INSERT INTO schedule_movie(id,  screen_id,movie_id, screen_date, screen_hour, screen_minute, available_seats, ticket_cost) values ( 66, 33, 1, to_date('03-01-22', 'DD-MM-RR'), 14,40 , 100,200);
INSERT INTO schedule_movie(id,  screen_id,movie_id, screen_date, screen_hour, screen_minute, available_seats, ticket_cost) values ( 67, 33, 1, to_date('03-01-22', 'DD-MM-RR'), 14,40 , 100,200);
INSERT INTO schedule_movie(id,  screen_id,movie_id, screen_date, screen_hour, screen_minute, available_seats, ticket_cost) values ( 68, 34, 3, to_date('03-01-22', 'DD-MM-RR'), 14,40 , 100,200);
INSERT INTO schedule_movie(id,  screen_id,movie_id, screen_date, screen_hour, screen_minute, available_seats, ticket_cost) values ( 69, 34, 3, to_date('03-01-22', 'DD-MM-RR'), 19,40 , 100,200);
INSERT INTO schedule_movie(id,  screen_id,movie_id, screen_date, screen_hour, screen_minute, available_seats, ticket_cost) values ( 70, 34, 3, to_date('03-01-22', 'DD-MM-RR'), 19,40 , 100,200);
INSERT INTO schedule_movie(id,  screen_id,movie_id, screen_date, screen_hour, screen_minute, available_seats, ticket_cost) values ( 71, 34, 3, to_date('03-01-22', 'DD-MM-RR'), 19,40 , 100,200);
INSERT INTO schedule_movie(id,  screen_id,movie_id, screen_date, screen_hour, screen_minute, available_seats, ticket_cost) values ( 72, 24, 3, to_date('03-01-22', 'DD-MM-RR'), 19,30 , 100,200);
INSERT INTO schedule_movie(id,  screen_id,movie_id, screen_date, screen_hour, screen_minute, available_seats, ticket_cost) values ( 73, 24, 4, to_date('03-01-22', 'DD-MM-RR'), 19,30 , 100,200);

delete from ticket;